karui,b0,b1,b2,b3,b4,w0,w1,w2,w3,w4
l1,0.0,0.0,1.9230769230769231,2.8846153846153846,9.615384615384615,0.0,0.0,0.0,0.0,2.8846153846153846
l2,1.5151515151515151,6.818181818181818,9.090909090909092,10.606060606060606,17.424242424242426,0.0,0.0,0.0,0.0,1.5151515151515151
l3,0.0,4.504504504504505,7.207207207207207,9.90990990990991,20.72072072072072,0.0,0.0,0.0,0.0,7.207207207207207
s1,0.24630541871921183,2.4630541871921183,3.4482758620689653,4.926108374384237,12.068965517241379,0.0,0.0,0.7389162561576355,1.7241379310344827,7.635467980295567
s2,2.7649769585253456,12.442396313364055,15.2073732718894,17.972350230414747,31.336405529953918,0.0,3.686635944700461,8.755760368663594,11.981566820276498,22.580645161290324
s3,0.0,0.0,0.0,0.0,6.25,0.0,0.0,0.0,0.0,3.125
sum,,,,,,,9.919,13.111,,
